{
  "metrics": {
    "avg_inference_ms": 62.06447548498545,
    "p95_inference_ms": 64.37784309969175,
    "p99_inference_ms": 64.96383920995413,
    "fps": 16.11227666367564,
    "per_video": {
      "fire1.mov": {
        "total_detections": 96,
        "fire_detections": 93,
        "unique_frames_with_fire": 47,
        "avg_inference_ms": 63.16162061995783,
        "fps": 15.832399330235356
      },
      "fire2.mov": {
        "total_detections": 0,
        "fire_detections": 0,
        "unique_frames_with_fire": 0,
        "avg_inference_ms": 62.42723457995453,
        "fps": 16.01864966033753
      },
      "fire3.mp4": {
        "total_detections": 0,
        "fire_detections": 0,
        "unique_frames_with_fire": 0,
        "avg_inference_ms": 60.921681960026035,
        "fps": 16.414517259325724
      },
      "fire4.mp4": {
        "total_detections": 0,
        "fire_detections": 0,
        "unique_frames_with_fire": 0,
        "avg_inference_ms": 61.74736478000341,
        "fps": 16.195023116579144
      }
    }
  },
  "model_path": "hailo_qat_output/yolo8l_fire_640x640_hailo8l_nms.hef",
  "videos_processed": [
    "fire1.mov",
    "fire2.mov",
    "fire3.mp4",
    "fire4.mp4"
  ],
  "total_frames_processed": 200
}