{
  "metrics": {
    "avg_inference_ms": 59.879355411976576,
    "p95_inference_ms": 60.125193977728486,
    "p99_inference_ms": 78.54626570828258,
    "fps": 16.700246572794406,
    "per_video": {
      "fire1.mov": {
        "total_detections": 96,
        "fire_detections": 93,
        "unique_frames_with_fire": 47,
        "avg_inference_ms": 63.71720165014267,
        "fps": 15.69434899998878
      },
      "fire2.mov": {
        "total_detections": 0,
        "fire_detections": 0,
        "unique_frames_with_fire": 0,
        "avg_inference_ms": 58.59772928990424,
        "fps": 17.06550769318444
      },
      "fire3.mp4": {
        "total_detections": 0,
        "fire_detections": 0,
        "unique_frames_with_fire": 0,
        "avg_inference_ms": 58.74925374984741,
        "fps": 17.021492804963454
      },
      "fire4.mp4": {
        "total_detections": 0,
        "fire_detections": 0,
        "unique_frames_with_fire": 0,
        "avg_inference_ms": 58.453236958011985,
        "fps": 17.107692439998115
      }
    }
  },
  "model_path": "hailo_qat_output/yolo8l_fire_640x640_hailo8l_nms.hef",
  "videos_processed": [
    "fire1.mov",
    "fire2.mov",
    "fire3.mp4",
    "fire4.mp4"
  ],
  "total_frames_processed": 200
}