{
  "metrics": {
    "avg_inference_ms": 60.02970596193336,
    "p95_inference_ms": 60.4375637951307,
    "p99_inference_ms": 88.80478922044837,
    "fps": 16.65841909394209,
    "per_video": {
      "fire1.mov": {
        "total_detections": 96,
        "fire_detections": 93,
        "unique_frames_with_fire": 47,
        "avg_inference_ms": 63.642628849484026,
        "fps": 15.712738742534004
      },
      "fire2.mov": {
        "total_detections": 0,
        "fire_detections": 0,
        "unique_frames_with_fire": 0,
        "avg_inference_ms": 58.92796812579036,
        "fps": 16.96987070494869
      },
      "fire3.mp4": {
        "total_detections": 0,
        "fire_detections": 0,
        "unique_frames_with_fire": 0,
        "avg_inference_ms": 58.910471964627504,
        "fps": 16.974910684817548
      },
      "fire4.mp4": {
        "total_detections": 0,
        "fire_detections": 0,
        "unique_frames_with_fire": 0,
        "avg_inference_ms": 58.63775490783155,
        "fps": 17.053858927099576
      }
    }
  },
  "model_path": "hailo_qat_output/yolo8l_fire_640x640_hailo8l_nms.hef",
  "videos_processed": [
    "fire1.mov",
    "fire2.mov",
    "fire3.mp4",
    "fire4.mp4"
  ],
  "total_frames_processed": 200
}