{
  "metrics": {
    "avg_inference_ms": 60.00143315875903,
    "p95_inference_ms": 60.49144447315484,
    "p99_inference_ms": 103.31617961404827,
    "fps": 16.666268576520153,
    "per_video": {
      "fire1.mov": {
        "total_detections": 96,
        "fire_detections": 93,
        "unique_frames_with_fire": 47,
        "avg_inference_ms": 63.969757058657706,
        "fps": 15.63238702130821
      },
      "fire2.mov": {
        "total_detections": 0,
        "fire_detections": 0,
        "unique_frames_with_fire": 0,
        "avg_inference_ms": 58.785900636576116,
        "fps": 17.01088167692047
      },
      "fire3.mp4": {
        "total_detections": 0,
        "fire_detections": 0,
        "unique_frames_with_fire": 0,
        "avg_inference_ms": 58.70663487352431,
        "fps": 17.0338497880924
      },
      "fire4.mp4": {
        "total_detections": 0,
        "fire_detections": 0,
        "unique_frames_with_fire": 0,
        "avg_inference_ms": 58.54344006627798,
        "fps": 17.081333089888187
      }
    }
  },
  "model_path": "hailo_qat_output/yolo8l_fire_640x640_hailo8l_nms.hef",
  "videos_processed": [
    "fire1.mov",
    "fire2.mov",
    "fire3.mp4",
    "fire4.mp4"
  ],
  "total_frames_processed": 200
}