{
  "metrics": {
    "avg_inference_ms": 61.57638103555655,
    "p95_inference_ms": 63.603150669950985,
    "p99_inference_ms": 64.67251244990621,
    "fps": 16.239993048999775,
    "per_video": {
      "fire1.mov": {
        "total_detections": 96,
        "fire_detections": 93,
        "unique_frames_with_fire": 47,
        "avg_inference_ms": 62.04176795552485,
        "fps": 16.118173819883054
      },
      "fire2.mov": {
        "total_detections": 0,
        "fire_detections": 0,
        "unique_frames_with_fire": 0,
        "avg_inference_ms": 61.819418638478965,
        "fps": 16.176146945800596
      },
      "fire3.mp4": {
        "total_detections": 0,
        "fire_detections": 0,
        "unique_frames_with_fire": 0,
        "avg_inference_ms": 60.79603004385717,
        "fps": 16.44844242755025
      },
      "fire4.mp4": {
        "total_detections": 0,
        "fire_detections": 0,
        "unique_frames_with_fire": 0,
        "avg_inference_ms": 61.64830750436522,
        "fps": 16.221045483352345
      }
    }
  },
  "model_path": "hailo_qat_output/yolo8l_fire_640x640_hailo8l_nms.hef",
  "videos_processed": [
    "fire1.mov",
    "fire2.mov",
    "fire3.mp4",
    "fire4.mp4"
  ],
  "total_frames_processed": 200
}